product_id,location_id,period,quantity
P001,L001,2023-01,120
P001,L001,2023-02,135
P001,L001,2023-03,142
P001,L001,2023-04,118
P001,L001,2023-05,156
P001,L001,2023-06,168
P001,L001,2023-07,175
P001,L001,2023-08,162
P001,L001,2023-09,158
P001,L001,2023-10,172
P001,L001,2023-11,185
P001,L001,2023-12,198
P001,L001,2024-01,128
P001,L001,2024-02,142
P001,L001,2024-03,151
P001,L001,2024-04,125
P001,L001,2024-05,165
P001,L001,2024-06,178
P001,L001,2024-07,188
P001,L001,2024-08,172
P001,L001,2024-09,168
P001,L001,2024-10,182
P001,L001,2024-11,195
P001,L001,2024-12,210
P001,L001,2025-01,135
P001,L001,2025-02,152
P001,L001,2025-03,162
P001,L001,2025-04,138
P001,L001,2025-05,178
P001,L001,2025-06,192
P001,L001,2025-07,202
P001,L001,2025-08,186
P001,L001,2025-09,182
P001,L001,2025-10,198
P001,L001,2025-11,212
P001,L001,2025-12,228
P001,L002,2023-01,85
P001,L002,2023-02,92
P001,L002,2023-03,98
P001,L002,2023-04,82
P001,L002,2023-05,105
P001,L002,2023-06,112
P001,L002,2023-07,118
P001,L002,2023-08,108
P001,L002,2023-09,104
P001,L002,2023-10,115
P001,L002,2023-11,125
P001,L002,2023-12,132
P001,L002,2024-01,88
P001,L002,2024-02,96
P001,L002,2024-03,102
P001,L002,2024-04,86
P001,L002,2024-05,110
P001,L002,2024-06,118
P001,L002,2024-07,126
P001,L002,2024-08,114
P001,L002,2024-09,111
P001,L002,2024-10,122
P001,L002,2024-11,132
P001,L002,2024-12,141
P001,L002,2025-01,92
P001,L002,2025-02,101
P001,L002,2025-03,108
P001,L002,2025-04,91
P001,L002,2025-05,118
P001,L002,2025-06,127
P001,L002,2025-07,135
P001,L002,2025-08,122
P001,L002,2025-09,119
P001,L002,2025-10,131
P001,L002,2025-11,142
P001,L002,2025-12,152
P002,L001,2023-01,200
P002,L001,2023-02,215
P002,L001,2023-03,225
P002,L001,2023-04,195
P002,L001,2023-05,245
P002,L001,2023-06,260
P002,L001,2023-07,275
P002,L001,2023-08,252
P002,L001,2023-09,248
P002,L001,2023-10,268
P002,L001,2023-11,288
P002,L001,2023-12,305
P002,L001,2024-01,208
P002,L001,2024-02,225
P002,L001,2024-03,238
P002,L001,2024-04,205
P002,L001,2024-05,258
P002,L001,2024-06,275
P002,L001,2024-07,292
P002,L001,2024-08,268
P002,L001,2024-09,262
P002,L001,2024-10,282
P002,L001,2024-11,305
P002,L001,2024-12,325
P002,L001,2025-01,218
P002,L001,2025-02,238
P002,L001,2025-03,252
P002,L001,2025-04,218
P002,L001,2025-05,272
P002,L001,2025-06,292
P002,L001,2025-07,312
P002,L001,2025-08,285
P002,L001,2025-09,278
P002,L001,2025-10,298
P002,L001,2025-11,322
P002,L001,2025-12,345
P002,L002,2023-01,145
P002,L002,2023-02,158
P002,L002,2023-03,165
P002,L002,2023-04,142
P002,L002,2023-05,178
P002,L002,2023-06,188
P002,L002,2023-07,198
P002,L002,2023-08,182
P002,L002,2023-09,178
P002,L002,2023-10,192
P002,L002,2023-11,205
P002,L002,2023-12,218
P002,L002,2024-01,152
P002,L002,2024-02,165
P002,L002,2024-03,175
P002,L002,2024-04,148
P002,L002,2024-05,188
P002,L002,2024-06,198
P002,L002,2024-07,212
P002,L002,2024-08,192
P002,L002,2024-09,188
P002,L002,2024-10,202
P002,L002,2024-11,218
P002,L002,2024-12,232
P002,L002,2025-01,162
P002,L002,2025-02,178
P002,L002,2025-03,188
P002,L002,2025-04,158
P002,L002,2025-05,198
P002,L002,2025-06,212
P002,L002,2025-07,228
P002,L002,2025-08,205
P002,L002,2025-09,202
P002,L002,2025-10,218
P002,L002,2025-11,235
P002,L002,2025-12,252
